{"cameraMode":{"drawMode":0,"name":"Shaded","section":"Shading Mode"},"sceneLighting":true,"audioPlay":false,"sceneViewState":{"m_AlwaysRefresh":false,"showFog":true,"showSkybox":true,"showFlares":false,"showImageEffects":true,"showParticleSystems":false,"showVisualEffectGraphs":true,"m_FxEnabled":true},"in2DMode":false,"pivot":{"x":1.9729567766189576,"y":4.475002765655518,"z":0.9435383677482605},"rotation":{"x":-0.030691340565681459,"y":-0.9607690572738648,"z":0.24891114234924317,"w":-0.11848872154951096},"size":18.797401428222658,"orthographic":true}