{"cameraMode":{"drawMode":0,"name":"Shaded","section":"Shading Mode"},"sceneLighting":true,"audioPlay":false,"sceneViewState":{"showFog":true,"showMaterialUpdate":false,"showSkybox":true,"showFlares":false,"showImageEffects":true,"showParticleSystems":false},"in2DMode":false,"pivot":{"x":-11.010927200317383,"y":5.969540596008301,"z":-16.09224510192871},"rotation":{"x":-0.1953931450843811,"y":-0.36705482006073,"z":0.07914422452449799,"w":-0.9060326218605042},"size":38.184288024902347,"orthographic":false}