{"cameraMode":{"drawMode":0,"name":"Shaded","section":"Shading Mode"},"sceneLighting":true,"audioPlay":false,"sceneViewState":{"showFog":true,"showMaterialUpdate":false,"showSkybox":true,"showFlares":false,"showImageEffects":true,"showParticleSystems":false},"in2DMode":false,"pivot":{"x":-1.6437835693359376,"y":4.224727630615234,"z":-7.424999237060547},"rotation":{"x":-0.36953073740005495,"y":-0.35662397742271426,"z":0.1561928391456604,"w":-0.843724250793457},"size":66.34647369384766,"orthographic":false}